Text,Feedback
danielm2k2020 he was such a lockdown corner he wasnâ€™t even able to get more ints lol prime rebus was dominant qbs didnâ€™t even look to his side,-1
i really interrupted shinee lockdown for jisang wow,-1
now playing love lockdown  by kanye west httpstcohiiejsc0pn,-1
brutalsim every cpu player is a lockdown defender even isaiah thomas,-1
at the end of 2nd quarter indianafever 32 vs atlantadream 25 the fever went on a scoring run built off of their relentless lockdown ğŸ”’ defense leading to multiple steals amp fast breaks ğŸ€ğŸ”¥ stay tune 4 the 3rd quarter cbssportsnet amp httpstcop1fhjb24kj wnba fever dream,-1
thecheckdown dangerusswilson bakermayfield mryan02 drewbrees cantguardmike keenan13allen edelman11 ab84 tkelce stefondiggs russell to mike evans forget touchdowns my ypc is like 24,-1
joelschella derpuristjdp love lockdown,-1
lockdowngunman tristaningram 2014 festival remix inthemix,-1
dsaarrakis loadreload jonroads timcast wow thatâ€™s a cowardly take the law is the law whether it is enforced or not is another matter the inadequacies of portlandâ€™s mayor and the lockdown heâ€™s placed on the pd there are pretty well documented in any case good luck to you,-1
oomfs iâ€™m on fe3h lockdown pls understand,-1
ã‚ªãƒ¼ãƒˆãƒœãƒƒãƒˆã‚‚ãƒ‡ã‚£ã‚»ãƒ—ãƒ†ã‚£ã‚³ãƒ³ã‚‚ã¾ã‚‹ã§ã‚¬ã‚­ã®ã‚ˆã†ã«ã„ã¤ã‚‚ã„ã¤ã‚‚äº‰ã„ã‚„ãŒã£ã¦â€¦å®‡å®™ã‚’ã‚ã¡ã‚ƒã‚ã¡ã‚ƒã«ã—ã¦ã„ã‚‹ï¼ãã®å¾Œå§‹æœ«ã‚’ã‚ªãƒ¬ãŒã™ã‚‹ã‚“ã  å‘½ãŒæƒœã—ãã°ç­”ãˆã‚ãƒ¤ãƒ„ã¯ã©ã“ã«ã„ã‚‹ã‚“ã ï¼Ÿ,-1
tl on loona lockdown slay,-1
jaredcarrabis we shouldve had our lockdown closer in,-1
we on eloise lockdown ğŸ˜¤ğŸ˜¤ğŸ˜¤,-1
after going through my music playlists i gotta say there is still one thing austrian and german music has on an unbreakable lockdown nihilism dont even try,-1
ya gotta have a lockdown closer on a 100 loss team httpstcomlqoyqrgc2,-1
"i dont know why these warren amp sanders ppl arent getting how the south votes blk voters dont listen to pundits so having msm on lockdown means nothing to that voting block

and appealing to white bigotry thinking youre appealing to the southern vote is just plain stupid httpstcojxcrwgzlf5",-1
downing street on lockdown as antiboris protesters descend on london httpstcob0sj3nubjb,-1
downing street on lockdown as antiboris protesters descend on london httpstcohrgkjhexfc,-1
im mad because i was going to go on a vromance lockdown and try to bring my boys debut mv to 1m but solo stans had to be too loud and piss me off ğŸ˜¤ tomorrow it is then just 900 more views httpstcouybfuwf4sz,-1
mrstokes toygrind well theyre bringing homage to animated lugnut and lockdown for the upcoming season 2 of cyberverse only bad news is that the new female lugnut lookalike is not actually named lugnut,-1
